"displacement","displacementOffset","displacements","durSweep","freq","freqs","gain","mode","postDurInSec","preDurInSec","protocol","ramptime","sampratein","samprateout","secondary_gain","stimDurInSec","Vm_id","trial","trialBlock","tags","rawname","datestr","idstr","fly","cell","genotype","timestamp","path"
0.1,5,0.1/0.2/0.4/0.8/1.6,1.2,25,25/35.35533906/50/70.71067812/100/141.4213562/200/282.8427125/400/565.6854249/800,5,IClamp,0.5,0.4,PiezoSine,0.04,50000,50000,5,0.3,0,1,6,NaN,PiezoSine_Raw_140219_F3_C4_1.mat,140219,140219_F3_C4,3,4,GH86-Gal4/+;pJFRC7/+;VT34811/+,01-May-2014 21:03:19,/Users/tony/Code/ParametersDB/140219/140219_F3_C4
0.2,5,0.1/0.2/0.4/0.8/1.6,1.2,25,25/35.35533906/50/70.71067812/100/141.4213562/200/282.8427125/400/565.6854249/800,5,IClamp,0.5,0.4,PiezoSine,0.04,50000,50000,5,0.3,0,2,6,NaN,PiezoSine_Raw_140219_F3_C4_2.mat,140219,140219_F3_C4,3,4,GH86-Gal4/+;pJFRC7/+;VT34811/+,01-May-2014 21:03:19,/Users/tony/Code/ParametersDB/140219/140219_F3_C4
0.4,5,0.1/0.2/0.4/0.8/1.6,1.2,25,25/35.35533906/50/70.71067812/100/141.4213562/200/282.8427125/400/565.6854249/800,5,IClamp,0.5,0.4,PiezoSine,0.04,50000,50000,5,0.3,0,3,6,NaN,PiezoSine_Raw_140219_F3_C4_3.mat,140219,140219_F3_C4,3,4,GH86-Gal4/+;pJFRC7/+;VT34811/+,01-May-2014 21:03:19,/Users/tony/Code/ParametersDB/140219/140219_F3_C4
0.8,5,0.1/0.2/0.4/0.8/1.6,1.2,25,25/35.35533906/50/70.71067812/100/141.4213562/200/282.8427125/400/565.6854249/800,5,IClamp,0.5,0.4,PiezoSine,0.04,50000,50000,5,0.3,0,4,6,NaN,PiezoSine_Raw_140219_F3_C4_4.mat,140219,140219_F3_C4,3,4,GH86-Gal4/+;pJFRC7/+;VT34811/+,01-May-2014 21:03:19,/Users/tony/Code/ParametersDB/140219/140219_F3_C4
1.6,5,0.1/0.2/0.4/0.8/1.6,1.2,25,25/35.35533906/50/70.71067812/100/141.4213562/200/282.8427125/400/565.6854249/800,5,IClamp,0.5,0.4,PiezoSine,0.04,50000,50000,5,0.3,0,5,6,NaN,PiezoSine_Raw_140219_F3_C4_5.mat,140219,140219_F3_C4,3,4,GH86-Gal4/+;pJFRC7/+;VT34811/+,01-May-2014 21:03:19,/Users/tony/Code/ParametersDB/140219/140219_F3_C4
0.1,5,0.1/0.2/0.4/0.8/1.6,1.2,35.3553,25/35.35533906/50/70.71067812/100/141.4213562/200/282.8427125/400/565.6854249/800,5,IClamp,0.5,0.4,PiezoSine,0.04,50000,50000,5,0.3,0,6,6,NaN,PiezoSine_Raw_140219_F3_C4_6.mat,140219,140219_F3_C4,3,4,GH86-Gal4/+;pJFRC7/+;VT34811/+,01-May-2014 21:03:19,/Users/tony/Code/ParametersDB/140219/140219_F3_C4
0.2,5,0.1/0.2/0.4/0.8/1.6,1.2,35.3553,25/35.35533906/50/70.71067812/100/141.4213562/200/282.8427125/400/565.6854249/800,5,IClamp,0.5,0.4,PiezoSine,0.04,50000,50000,5,0.3,0,7,6,NaN,PiezoSine_Raw_140219_F3_C4_7.mat,140219,140219_F3_C4,3,4,GH86-Gal4/+;pJFRC7/+;VT34811/+,01-May-2014 21:03:19,/Users/tony/Code/ParametersDB/140219/140219_F3_C4
0.4,5,0.1/0.2/0.4/0.8/1.6,1.2,35.3553,25/35.35533906/50/70.71067812/100/141.4213562/200/282.8427125/400/565.6854249/800,5,IClamp,0.5,0.4,PiezoSine,0.04,50000,50000,5,0.3,0,8,6,NaN,PiezoSine_Raw_140219_F3_C4_8.mat,140219,140219_F3_C4,3,4,GH86-Gal4/+;pJFRC7/+;VT34811/+,01-May-2014 21:03:19,/Users/tony/Code/ParametersDB/140219/140219_F3_C4
0.8,5,0.1/0.2/0.4/0.8/1.6,1.2,35.3553,25/35.35533906/50/70.71067812/100/141.4213562/200/282.8427125/400/565.6854249/800,5,IClamp,0.5,0.4,PiezoSine,0.04,50000,50000,5,0.3,0,9,6,NaN,PiezoSine_Raw_140219_F3_C4_9.mat,140219,140219_F3_C4,3,4,GH86-Gal4/+;pJFRC7/+;VT34811/+,01-May-2014 21:03:19,/Users/tony/Code/ParametersDB/140219/140219_F3_C4
1.6,5,0.1/0.2/0.4/0.8/1.6,1.2,35.3553,25/35.35533906/50/70.71067812/100/141.4213562/200/282.8427125/400/565.6854249/800,5,IClamp,0.5,0.4,PiezoSine,0.04,50000,50000,5,0.3,0,10,6,NaN,PiezoSine_Raw_140219_F3_C4_10.mat,140219,140219_F3_C4,3,4,GH86-Gal4/+;pJFRC7/+;VT34811/+,01-May-2014 21:03:19,/Users/tony/Code/ParametersDB/140219/140219_F3_C4
0.1,5,0.1/0.2/0.4/0.8/1.6,1.2,50,25/35.35533906/50/70.71067812/100/141.4213562/200/282.8427125/400/565.6854249/800,5,IClamp,0.5,0.4,PiezoSine,0.04,50000,50000,5,0.3,0,11,6,NaN,PiezoSine_Raw_140219_F3_C4_11.mat,140219,140219_F3_C4,3,4,GH86-Gal4/+;pJFRC7/+;VT34811/+,01-May-2014 21:03:19,/Users/tony/Code/ParametersDB/140219/140219_F3_C4
0.2,5,0.1/0.2/0.4/0.8/1.6,1.2,50,25/35.35533906/50/70.71067812/100/141.4213562/200/282.8427125/400/565.6854249/800,5,IClamp,0.5,0.4,PiezoSine,0.04,50000,50000,5,0.3,0,12,6,NaN,PiezoSine_Raw_140219_F3_C4_12.mat,140219,140219_F3_C4,3,4,GH86-Gal4/+;pJFRC7/+;VT34811/+,01-May-2014 21:03:19,/Users/tony/Code/ParametersDB/140219/140219_F3_C4
0.4,5,0.1/0.2/0.4/0.8/1.6,1.2,50,25/35.35533906/50/70.71067812/100/141.4213562/200/282.8427125/400/565.6854249/800,5,IClamp,0.5,0.4,PiezoSine,0.04,50000,50000,5,0.3,0,13,6,NaN,PiezoSine_Raw_140219_F3_C4_13.mat,140219,140219_F3_C4,3,4,GH86-Gal4/+;pJFRC7/+;VT34811/+,01-May-2014 21:03:19,/Users/tony/Code/ParametersDB/140219/140219_F3_C4
0.8,5,0.1/0.2/0.4/0.8/1.6,1.2,50,25/35.35533906/50/70.71067812/100/141.4213562/200/282.8427125/400/565.6854249/800,5,IClamp,0.5,0.4,PiezoSine,0.04,50000,50000,5,0.3,0,14,6,NaN,PiezoSine_Raw_140219_F3_C4_14.mat,140219,140219_F3_C4,3,4,GH86-Gal4/+;pJFRC7/+;VT34811/+,01-May-2014 21:03:19,/Users/tony/Code/ParametersDB/140219/140219_F3_C4
1.6,5,0.1/0.2/0.4/0.8/1.6,1.2,50,25/35.35533906/50/70.71067812/100/141.4213562/200/282.8427125/400/565.6854249/800,5,IClamp,0.5,0.4,PiezoSine,0.04,50000,50000,5,0.3,0,15,6,NaN,PiezoSine_Raw_140219_F3_C4_15.mat,140219,140219_F3_C4,3,4,GH86-Gal4/+;pJFRC7/+;VT34811/+,01-May-2014 21:03:19,/Users/tony/Code/ParametersDB/140219/140219_F3_C4
0.1,5,0.1/0.2/0.4/0.8/1.6,1.2,70.7107,25/35.35533906/50/70.71067812/100/141.4213562/200/282.8427125/400/565.6854249/800,5,IClamp,0.5,0.4,PiezoSine,0.04,50000,50000,5,0.3,0,16,6,NaN,PiezoSine_Raw_140219_F3_C4_16.mat,140219,140219_F3_C4,3,4,GH86-Gal4/+;pJFRC7/+;VT34811/+,01-May-2014 21:03:19,/Users/tony/Code/ParametersDB/140219/140219_F3_C4
0.2,5,0.1/0.2/0.4/0.8/1.6,1.2,70.7107,25/35.35533906/50/70.71067812/100/141.4213562/200/282.8427125/400/565.6854249/800,5,IClamp,0.5,0.4,PiezoSine,0.04,50000,50000,5,0.3,0,17,6,NaN,PiezoSine_Raw_140219_F3_C4_17.mat,140219,140219_F3_C4,3,4,GH86-Gal4/+;pJFRC7/+;VT34811/+,01-May-2014 21:03:19,/Users/tony/Code/ParametersDB/140219/140219_F3_C4
0.4,5,0.1/0.2/0.4/0.8/1.6,1.2,70.7107,25/35.35533906/50/70.71067812/100/141.4213562/200/282.8427125/400/565.6854249/800,5,IClamp,0.5,0.4,PiezoSine,0.04,50000,50000,5,0.3,0,18,6,NaN,PiezoSine_Raw_140219_F3_C4_18.mat,140219,140219_F3_C4,3,4,GH86-Gal4/+;pJFRC7/+;VT34811/+,01-May-2014 21:03:19,/Users/tony/Code/ParametersDB/140219/140219_F3_C4
0.8,5,0.1/0.2/0.4/0.8/1.6,1.2,70.7107,25/35.35533906/50/70.71067812/100/141.4213562/200/282.8427125/400/565.6854249/800,5,IClamp,0.5,0.4,PiezoSine,0.04,50000,50000,5,0.3,0,19,6,NaN,PiezoSine_Raw_140219_F3_C4_19.mat,140219,140219_F3_C4,3,4,GH86-Gal4/+;pJFRC7/+;VT34811/+,01-May-2014 21:03:19,/Users/tony/Code/ParametersDB/140219/140219_F3_C4
1.6,5,0.1/0.2/0.4/0.8/1.6,1.2,70.7107,25/35.35533906/50/70.71067812/100/141.4213562/200/282.8427125/400/565.6854249/800,5,IClamp,0.5,0.4,PiezoSine,0.04,50000,50000,5,0.3,0,20,6,NaN,PiezoSine_Raw_140219_F3_C4_20.mat,140219,140219_F3_C4,3,4,GH86-Gal4/+;pJFRC7/+;VT34811/+,01-May-2014 21:03:19,/Users/tony/Code/ParametersDB/140219/140219_F3_C4
0.1,5,0.1/0.2/0.4/0.8/1.6,1.2,100,25/35.35533906/50/70.71067812/100/141.4213562/200/282.8427125/400/565.6854249/800,5,IClamp,0.5,0.4,PiezoSine,0.04,50000,50000,5,0.3,0,21,6,NaN,PiezoSine_Raw_140219_F3_C4_21.mat,140219,140219_F3_C4,3,4,GH86-Gal4/+;pJFRC7/+;VT34811/+,01-May-2014 21:03:19,/Users/tony/Code/ParametersDB/140219/140219_F3_C4
0.2,5,0.1/0.2/0.4/0.8/1.6,1.2,100,25/35.35533906/50/70.71067812/100/141.4213562/200/282.8427125/400/565.6854249/800,5,IClamp,0.5,0.4,PiezoSine,0.04,50000,50000,5,0.3,0,22,6,NaN,PiezoSine_Raw_140219_F3_C4_22.mat,140219,140219_F3_C4,3,4,GH86-Gal4/+;pJFRC7/+;VT34811/+,01-May-2014 21:03:19,/Users/tony/Code/ParametersDB/140219/140219_F3_C4
0.4,5,0.1/0.2/0.4/0.8/1.6,1.2,100,25/35.35533906/50/70.71067812/100/141.4213562/200/282.8427125/400/565.6854249/800,5,IClamp,0.5,0.4,PiezoSine,0.04,50000,50000,5,0.3,0,23,6,NaN,PiezoSine_Raw_140219_F3_C4_23.mat,140219,140219_F3_C4,3,4,GH86-Gal4/+;pJFRC7/+;VT34811/+,01-May-2014 21:03:19,/Users/tony/Code/ParametersDB/140219/140219_F3_C4
0.8,5,0.1/0.2/0.4/0.8/1.6,1.2,100,25/35.35533906/50/70.71067812/100/141.4213562/200/282.8427125/400/565.6854249/800,5,IClamp,0.5,0.4,PiezoSine,0.04,50000,50000,5,0.3,0,24,6,NaN,PiezoSine_Raw_140219_F3_C4_24.mat,140219,140219_F3_C4,3,4,GH86-Gal4/+;pJFRC7/+;VT34811/+,01-May-2014 21:03:19,/Users/tony/Code/ParametersDB/140219/140219_F3_C4
1.6,5,0.1/0.2/0.4/0.8/1.6,1.2,100,25/35.35533906/50/70.71067812/100/141.4213562/200/282.8427125/400/565.6854249/800,5,IClamp,0.5,0.4,PiezoSine,0.04,50000,50000,5,0.3,0,25,6,NaN,PiezoSine_Raw_140219_F3_C4_25.mat,140219,140219_F3_C4,3,4,GH86-Gal4/+;pJFRC7/+;VT34811/+,01-May-2014 21:03:19,/Users/tony/Code/ParametersDB/140219/140219_F3_C4
0.1,5,0.1/0.2/0.4/0.8/1.6,1.2,141.4214,25/35.35533906/50/70.71067812/100/141.4213562/200/282.8427125/400/565.6854249/800,5,IClamp,0.5,0.4,PiezoSine,0.04,50000,50000,5,0.3,0,26,6,NaN,PiezoSine_Raw_140219_F3_C4_26.mat,140219,140219_F3_C4,3,4,GH86-Gal4/+;pJFRC7/+;VT34811/+,01-May-2014 21:03:19,/Users/tony/Code/ParametersDB/140219/140219_F3_C4
0.2,5,0.1/0.2/0.4/0.8/1.6,1.2,141.4214,25/35.35533906/50/70.71067812/100/141.4213562/200/282.8427125/400/565.6854249/800,5,IClamp,0.5,0.4,PiezoSine,0.04,50000,50000,5,0.3,0,27,6,NaN,PiezoSine_Raw_140219_F3_C4_27.mat,140219,140219_F3_C4,3,4,GH86-Gal4/+;pJFRC7/+;VT34811/+,01-May-2014 21:03:19,/Users/tony/Code/ParametersDB/140219/140219_F3_C4
0.4,5,0.1/0.2/0.4/0.8/1.6,1.2,141.4214,25/35.35533906/50/70.71067812/100/141.4213562/200/282.8427125/400/565.6854249/800,5,IClamp,0.5,0.4,PiezoSine,0.04,50000,50000,5,0.3,0,28,6,NaN,PiezoSine_Raw_140219_F3_C4_28.mat,140219,140219_F3_C4,3,4,GH86-Gal4/+;pJFRC7/+;VT34811/+,01-May-2014 21:03:19,/Users/tony/Code/ParametersDB/140219/140219_F3_C4
0.8,5,0.1/0.2/0.4/0.8/1.6,1.2,141.4214,25/35.35533906/50/70.71067812/100/141.4213562/200/282.8427125/400/565.6854249/800,5,IClamp,0.5,0.4,PiezoSine,0.04,50000,50000,5,0.3,0,29,6,NaN,PiezoSine_Raw_140219_F3_C4_29.mat,140219,140219_F3_C4,3,4,GH86-Gal4/+;pJFRC7/+;VT34811/+,01-May-2014 21:03:19,/Users/tony/Code/ParametersDB/140219/140219_F3_C4
1.6,5,0.1/0.2/0.4/0.8/1.6,1.2,141.4214,25/35.35533906/50/70.71067812/100/141.4213562/200/282.8427125/400/565.6854249/800,5,IClamp,0.5,0.4,PiezoSine,0.04,50000,50000,5,0.3,0,30,6,NaN,PiezoSine_Raw_140219_F3_C4_30.mat,140219,140219_F3_C4,3,4,GH86-Gal4/+;pJFRC7/+;VT34811/+,01-May-2014 21:03:19,/Users/tony/Code/ParametersDB/140219/140219_F3_C4
0.1,5,0.1/0.2/0.4/0.8/1.6,1.2,200,25/35.35533906/50/70.71067812/100/141.4213562/200/282.8427125/400/565.6854249/800,5,IClamp,0.5,0.4,PiezoSine,0.04,50000,50000,5,0.3,0,31,6,NaN,PiezoSine_Raw_140219_F3_C4_31.mat,140219,140219_F3_C4,3,4,GH86-Gal4/+;pJFRC7/+;VT34811/+,01-May-2014 21:03:19,/Users/tony/Code/ParametersDB/140219/140219_F3_C4
0.2,5,0.1/0.2/0.4/0.8/1.6,1.2,200,25/35.35533906/50/70.71067812/100/141.4213562/200/282.8427125/400/565.6854249/800,5,IClamp,0.5,0.4,PiezoSine,0.04,50000,50000,5,0.3,0,32,6,NaN,PiezoSine_Raw_140219_F3_C4_32.mat,140219,140219_F3_C4,3,4,GH86-Gal4/+;pJFRC7/+;VT34811/+,01-May-2014 21:03:19,/Users/tony/Code/ParametersDB/140219/140219_F3_C4
0.4,5,0.1/0.2/0.4/0.8/1.6,1.2,200,25/35.35533906/50/70.71067812/100/141.4213562/200/282.8427125/400/565.6854249/800,5,IClamp,0.5,0.4,PiezoSine,0.04,50000,50000,5,0.3,0,33,6,NaN,PiezoSine_Raw_140219_F3_C4_33.mat,140219,140219_F3_C4,3,4,GH86-Gal4/+;pJFRC7/+;VT34811/+,01-May-2014 21:03:19,/Users/tony/Code/ParametersDB/140219/140219_F3_C4
0.8,5,0.1/0.2/0.4/0.8/1.6,1.2,200,25/35.35533906/50/70.71067812/100/141.4213562/200/282.8427125/400/565.6854249/800,5,IClamp,0.5,0.4,PiezoSine,0.04,50000,50000,5,0.3,0,34,6,NaN,PiezoSine_Raw_140219_F3_C4_34.mat,140219,140219_F3_C4,3,4,GH86-Gal4/+;pJFRC7/+;VT34811/+,01-May-2014 21:03:19,/Users/tony/Code/ParametersDB/140219/140219_F3_C4
1.6,5,0.1/0.2/0.4/0.8/1.6,1.2,200,25/35.35533906/50/70.71067812/100/141.4213562/200/282.8427125/400/565.6854249/800,5,IClamp,0.5,0.4,PiezoSine,0.04,50000,50000,5,0.3,0,35,6,NaN,PiezoSine_Raw_140219_F3_C4_35.mat,140219,140219_F3_C4,3,4,GH86-Gal4/+;pJFRC7/+;VT34811/+,01-May-2014 21:03:19,/Users/tony/Code/ParametersDB/140219/140219_F3_C4
0.1,5,0.1/0.2/0.4/0.8/1.6,1.2,282.8427,25/35.35533906/50/70.71067812/100/141.4213562/200/282.8427125/400/565.6854249/800,5,IClamp,0.5,0.4,PiezoSine,0.04,50000,50000,5,0.3,0,36,6,NaN,PiezoSine_Raw_140219_F3_C4_36.mat,140219,140219_F3_C4,3,4,GH86-Gal4/+;pJFRC7/+;VT34811/+,01-May-2014 21:03:19,/Users/tony/Code/ParametersDB/140219/140219_F3_C4
0.2,5,0.1/0.2/0.4/0.8/1.6,1.2,282.8427,25/35.35533906/50/70.71067812/100/141.4213562/200/282.8427125/400/565.6854249/800,5,IClamp,0.5,0.4,PiezoSine,0.04,50000,50000,5,0.3,0,37,6,NaN,PiezoSine_Raw_140219_F3_C4_37.mat,140219,140219_F3_C4,3,4,GH86-Gal4/+;pJFRC7/+;VT34811/+,01-May-2014 21:03:19,/Users/tony/Code/ParametersDB/140219/140219_F3_C4
0.4,5,0.1/0.2/0.4/0.8/1.6,1.2,282.8427,25/35.35533906/50/70.71067812/100/141.4213562/200/282.8427125/400/565.6854249/800,5,IClamp,0.5,0.4,PiezoSine,0.04,50000,50000,5,0.3,0,38,6,NaN,PiezoSine_Raw_140219_F3_C4_38.mat,140219,140219_F3_C4,3,4,GH86-Gal4/+;pJFRC7/+;VT34811/+,01-May-2014 21:03:19,/Users/tony/Code/ParametersDB/140219/140219_F3_C4
0.8,5,0.1/0.2/0.4/0.8/1.6,1.2,282.8427,25/35.35533906/50/70.71067812/100/141.4213562/200/282.8427125/400/565.6854249/800,5,IClamp,0.5,0.4,PiezoSine,0.04,50000,50000,5,0.3,0,39,6,NaN,PiezoSine_Raw_140219_F3_C4_39.mat,140219,140219_F3_C4,3,4,GH86-Gal4/+;pJFRC7/+;VT34811/+,01-May-2014 21:03:19,/Users/tony/Code/ParametersDB/140219/140219_F3_C4
1.6,5,0.1/0.2/0.4/0.8/1.6,1.2,282.8427,25/35.35533906/50/70.71067812/100/141.4213562/200/282.8427125/400/565.6854249/800,5,IClamp,0.5,0.4,PiezoSine,0.04,50000,50000,5,0.3,0,40,6,NaN,PiezoSine_Raw_140219_F3_C4_40.mat,140219,140219_F3_C4,3,4,GH86-Gal4/+;pJFRC7/+;VT34811/+,01-May-2014 21:03:19,/Users/tony/Code/ParametersDB/140219/140219_F3_C4
0.1,5,0.1/0.2/0.4/0.8/1.6,1.2,400,25/35.35533906/50/70.71067812/100/141.4213562/200/282.8427125/400/565.6854249/800,5,IClamp,0.5,0.4,PiezoSine,0.04,50000,50000,5,0.3,0,41,6,NaN,PiezoSine_Raw_140219_F3_C4_41.mat,140219,140219_F3_C4,3,4,GH86-Gal4/+;pJFRC7/+;VT34811/+,01-May-2014 21:03:19,/Users/tony/Code/ParametersDB/140219/140219_F3_C4
0.2,5,0.1/0.2/0.4/0.8/1.6,1.2,400,25/35.35533906/50/70.71067812/100/141.4213562/200/282.8427125/400/565.6854249/800,5,IClamp,0.5,0.4,PiezoSine,0.04,50000,50000,5,0.3,0,42,6,NaN,PiezoSine_Raw_140219_F3_C4_42.mat,140219,140219_F3_C4,3,4,GH86-Gal4/+;pJFRC7/+;VT34811/+,01-May-2014 21:03:19,/Users/tony/Code/ParametersDB/140219/140219_F3_C4
0.4,5,0.1/0.2/0.4/0.8/1.6,1.2,400,25/35.35533906/50/70.71067812/100/141.4213562/200/282.8427125/400/565.6854249/800,5,IClamp,0.5,0.4,PiezoSine,0.04,50000,50000,5,0.3,0,43,6,NaN,PiezoSine_Raw_140219_F3_C4_43.mat,140219,140219_F3_C4,3,4,GH86-Gal4/+;pJFRC7/+;VT34811/+,01-May-2014 21:03:19,/Users/tony/Code/ParametersDB/140219/140219_F3_C4
0.8,5,0.1/0.2/0.4/0.8/1.6,1.2,400,25/35.35533906/50/70.71067812/100/141.4213562/200/282.8427125/400/565.6854249/800,5,IClamp,0.5,0.4,PiezoSine,0.04,50000,50000,5,0.3,0,44,6,NaN,PiezoSine_Raw_140219_F3_C4_44.mat,140219,140219_F3_C4,3,4,GH86-Gal4/+;pJFRC7/+;VT34811/+,01-May-2014 21:03:19,/Users/tony/Code/ParametersDB/140219/140219_F3_C4
1.6,5,0.1/0.2/0.4/0.8/1.6,1.2,400,25/35.35533906/50/70.71067812/100/141.4213562/200/282.8427125/400/565.6854249/800,5,IClamp,0.5,0.4,PiezoSine,0.04,50000,50000,5,0.3,0,45,6,NaN,PiezoSine_Raw_140219_F3_C4_45.mat,140219,140219_F3_C4,3,4,GH86-Gal4/+;pJFRC7/+;VT34811/+,01-May-2014 21:03:19,/Users/tony/Code/ParametersDB/140219/140219_F3_C4
0.1,5,0.1/0.2/0.4/0.8/1.6,1.2,565.6854,25/35.35533906/50/70.71067812/100/141.4213562/200/282.8427125/400/565.6854249/800,5,IClamp,0.5,0.4,PiezoSine,0.04,50000,50000,5,0.3,0,46,6,NaN,PiezoSine_Raw_140219_F3_C4_46.mat,140219,140219_F3_C4,3,4,GH86-Gal4/+;pJFRC7/+;VT34811/+,01-May-2014 21:03:19,/Users/tony/Code/ParametersDB/140219/140219_F3_C4
0.2,5,0.1/0.2/0.4/0.8/1.6,1.2,565.6854,25/35.35533906/50/70.71067812/100/141.4213562/200/282.8427125/400/565.6854249/800,5,IClamp,0.5,0.4,PiezoSine,0.04,50000,50000,5,0.3,0,47,6,NaN,PiezoSine_Raw_140219_F3_C4_47.mat,140219,140219_F3_C4,3,4,GH86-Gal4/+;pJFRC7/+;VT34811/+,01-May-2014 21:03:19,/Users/tony/Code/ParametersDB/140219/140219_F3_C4
0.4,5,0.1/0.2/0.4/0.8/1.6,1.2,565.6854,25/35.35533906/50/70.71067812/100/141.4213562/200/282.8427125/400/565.6854249/800,5,IClamp,0.5,0.4,PiezoSine,0.04,50000,50000,5,0.3,0,48,6,NaN,PiezoSine_Raw_140219_F3_C4_48.mat,140219,140219_F3_C4,3,4,GH86-Gal4/+;pJFRC7/+;VT34811/+,01-May-2014 21:03:19,/Users/tony/Code/ParametersDB/140219/140219_F3_C4
0.8,5,0.1/0.2/0.4/0.8/1.6,1.2,565.6854,25/35.35533906/50/70.71067812/100/141.4213562/200/282.8427125/400/565.6854249/800,5,IClamp,0.5,0.4,PiezoSine,0.04,50000,50000,5,0.3,0,49,6,NaN,PiezoSine_Raw_140219_F3_C4_49.mat,140219,140219_F3_C4,3,4,GH86-Gal4/+;pJFRC7/+;VT34811/+,01-May-2014 21:03:19,/Users/tony/Code/ParametersDB/140219/140219_F3_C4
1.6,5,0.1/0.2/0.4/0.8/1.6,1.2,565.6854,25/35.35533906/50/70.71067812/100/141.4213562/200/282.8427125/400/565.6854249/800,5,IClamp,0.5,0.4,PiezoSine,0.04,50000,50000,5,0.3,0,50,6,NaN,PiezoSine_Raw_140219_F3_C4_50.mat,140219,140219_F3_C4,3,4,GH86-Gal4/+;pJFRC7/+;VT34811/+,01-May-2014 21:03:19,/Users/tony/Code/ParametersDB/140219/140219_F3_C4
0.1,5,0.1/0.2/0.4/0.8/1.6,1.2,800,25/35.35533906/50/70.71067812/100/141.4213562/200/282.8427125/400/565.6854249/800,5,IClamp,0.5,0.4,PiezoSine,0.04,50000,50000,5,0.3,0,51,6,NaN,PiezoSine_Raw_140219_F3_C4_51.mat,140219,140219_F3_C4,3,4,GH86-Gal4/+;pJFRC7/+;VT34811/+,01-May-2014 21:03:19,/Users/tony/Code/ParametersDB/140219/140219_F3_C4
0.2,5,0.1/0.2/0.4/0.8/1.6,1.2,800,25/35.35533906/50/70.71067812/100/141.4213562/200/282.8427125/400/565.6854249/800,5,IClamp,0.5,0.4,PiezoSine,0.04,50000,50000,5,0.3,0,52,6,NaN,PiezoSine_Raw_140219_F3_C4_52.mat,140219,140219_F3_C4,3,4,GH86-Gal4/+;pJFRC7/+;VT34811/+,01-May-2014 21:03:19,/Users/tony/Code/ParametersDB/140219/140219_F3_C4
0.4,5,0.1/0.2/0.4/0.8/1.6,1.2,800,25/35.35533906/50/70.71067812/100/141.4213562/200/282.8427125/400/565.6854249/800,5,IClamp,0.5,0.4,PiezoSine,0.04,50000,50000,5,0.3,0,53,6,NaN,PiezoSine_Raw_140219_F3_C4_53.mat,140219,140219_F3_C4,3,4,GH86-Gal4/+;pJFRC7/+;VT34811/+,01-May-2014 21:03:19,/Users/tony/Code/ParametersDB/140219/140219_F3_C4
0.8,5,0.1/0.2/0.4/0.8/1.6,1.2,800,25/35.35533906/50/70.71067812/100/141.4213562/200/282.8427125/400/565.6854249/800,5,IClamp,0.5,0.4,PiezoSine,0.04,50000,50000,5,0.3,0,54,6,NaN,PiezoSine_Raw_140219_F3_C4_54.mat,140219,140219_F3_C4,3,4,GH86-Gal4/+;pJFRC7/+;VT34811/+,01-May-2014 21:03:19,/Users/tony/Code/ParametersDB/140219/140219_F3_C4
1.6,5,0.1/0.2/0.4/0.8/1.6,1.2,800,25/35.35533906/50/70.71067812/100/141.4213562/200/282.8427125/400/565.6854249/800,5,IClamp,0.5,0.4,PiezoSine,0.04,50000,50000,5,0.3,0,55,6,NaN,PiezoSine_Raw_140219_F3_C4_55.mat,140219,140219_F3_C4,3,4,GH86-Gal4/+;pJFRC7/+;VT34811/+,01-May-2014 21:03:19,/Users/tony/Code/ParametersDB/140219/140219_F3_C4
0.1,5,0.1/0.2/0.4/0.8/1.6,1.2,25,25/35.35533906/50/70.71067812/100/141.4213562/200/282.8427125/400/565.6854249/800,5,IClamp,0.5,0.4,PiezoSine,0.04,50000,50000,5,0.3,0,56,6,NaN,PiezoSine_Raw_140219_F3_C4_56.mat,140219,140219_F3_C4,3,4,GH86-Gal4/+;pJFRC7/+;VT34811/+,01-May-2014 21:03:19,/Users/tony/Code/ParametersDB/140219/140219_F3_C4
0.2,5,0.1/0.2/0.4/0.8/1.6,1.2,25,25/35.35533906/50/70.71067812/100/141.4213562/200/282.8427125/400/565.6854249/800,5,IClamp,0.5,0.4,PiezoSine,0.04,50000,50000,5,0.3,0,57,6,NaN,PiezoSine_Raw_140219_F3_C4_57.mat,140219,140219_F3_C4,3,4,GH86-Gal4/+;pJFRC7/+;VT34811/+,01-May-2014 21:03:19,/Users/tony/Code/ParametersDB/140219/140219_F3_C4
0.4,5,0.1/0.2/0.4/0.8/1.6,1.2,25,25/35.35533906/50/70.71067812/100/141.4213562/200/282.8427125/400/565.6854249/800,5,IClamp,0.5,0.4,PiezoSine,0.04,50000,50000,5,0.3,0,58,6,NaN,PiezoSine_Raw_140219_F3_C4_58.mat,140219,140219_F3_C4,3,4,GH86-Gal4/+;pJFRC7/+;VT34811/+,01-May-2014 21:03:19,/Users/tony/Code/ParametersDB/140219/140219_F3_C4
0.8,5,0.1/0.2/0.4/0.8/1.6,1.2,25,25/35.35533906/50/70.71067812/100/141.4213562/200/282.8427125/400/565.6854249/800,5,IClamp,0.5,0.4,PiezoSine,0.04,50000,50000,5,0.3,0,59,6,NaN,PiezoSine_Raw_140219_F3_C4_59.mat,140219,140219_F3_C4,3,4,GH86-Gal4/+;pJFRC7/+;VT34811/+,01-May-2014 21:03:19,/Users/tony/Code/ParametersDB/140219/140219_F3_C4
1.6,5,0.1/0.2/0.4/0.8/1.6,1.2,25,25/35.35533906/50/70.71067812/100/141.4213562/200/282.8427125/400/565.6854249/800,5,IClamp,0.5,0.4,PiezoSine,0.04,50000,50000,5,0.3,0,60,6,NaN,PiezoSine_Raw_140219_F3_C4_60.mat,140219,140219_F3_C4,3,4,GH86-Gal4/+;pJFRC7/+;VT34811/+,01-May-2014 21:03:19,/Users/tony/Code/ParametersDB/140219/140219_F3_C4
0.1,5,0.1/0.2/0.4/0.8/1.6,1.2,35.3553,25/35.35533906/50/70.71067812/100/141.4213562/200/282.8427125/400/565.6854249/800,5,IClamp,0.5,0.4,PiezoSine,0.04,50000,50000,5,0.3,0,61,6,NaN,PiezoSine_Raw_140219_F3_C4_61.mat,140219,140219_F3_C4,3,4,GH86-Gal4/+;pJFRC7/+;VT34811/+,01-May-2014 21:03:19,/Users/tony/Code/ParametersDB/140219/140219_F3_C4
0.2,5,0.1/0.2/0.4/0.8/1.6,1.2,35.3553,25/35.35533906/50/70.71067812/100/141.4213562/200/282.8427125/400/565.6854249/800,5,IClamp,0.5,0.4,PiezoSine,0.04,50000,50000,5,0.3,0,62,6,NaN,PiezoSine_Raw_140219_F3_C4_62.mat,140219,140219_F3_C4,3,4,GH86-Gal4/+;pJFRC7/+;VT34811/+,01-May-2014 21:03:19,/Users/tony/Code/ParametersDB/140219/140219_F3_C4
0.4,5,0.1/0.2/0.4/0.8/1.6,1.2,35.3553,25/35.35533906/50/70.71067812/100/141.4213562/200/282.8427125/400/565.6854249/800,5,IClamp,0.5,0.4,PiezoSine,0.04,50000,50000,5,0.3,0,63,6,NaN,PiezoSine_Raw_140219_F3_C4_63.mat,140219,140219_F3_C4,3,4,GH86-Gal4/+;pJFRC7/+;VT34811/+,01-May-2014 21:03:19,/Users/tony/Code/ParametersDB/140219/140219_F3_C4
0.8,5,0.1/0.2/0.4/0.8/1.6,1.2,35.3553,25/35.35533906/50/70.71067812/100/141.4213562/200/282.8427125/400/565.6854249/800,5,IClamp,0.5,0.4,PiezoSine,0.04,50000,50000,5,0.3,0,64,6,NaN,PiezoSine_Raw_140219_F3_C4_64.mat,140219,140219_F3_C4,3,4,GH86-Gal4/+;pJFRC7/+;VT34811/+,01-May-2014 21:03:19,/Users/tony/Code/ParametersDB/140219/140219_F3_C4
1.6,5,0.1/0.2/0.4/0.8/1.6,1.2,35.3553,25/35.35533906/50/70.71067812/100/141.4213562/200/282.8427125/400/565.6854249/800,5,IClamp,0.5,0.4,PiezoSine,0.04,50000,50000,5,0.3,0,65,6,NaN,PiezoSine_Raw_140219_F3_C4_65.mat,140219,140219_F3_C4,3,4,GH86-Gal4/+;pJFRC7/+;VT34811/+,01-May-2014 21:03:19,/Users/tony/Code/ParametersDB/140219/140219_F3_C4
0.1,5,0.1/0.2/0.4/0.8/1.6,1.2,50,25/35.35533906/50/70.71067812/100/141.4213562/200/282.8427125/400/565.6854249/800,5,IClamp,0.5,0.4,PiezoSine,0.04,50000,50000,5,0.3,0,66,6,NaN,PiezoSine_Raw_140219_F3_C4_66.mat,140219,140219_F3_C4,3,4,GH86-Gal4/+;pJFRC7/+;VT34811/+,01-May-2014 21:03:19,/Users/tony/Code/ParametersDB/140219/140219_F3_C4
0.2,5,0.1/0.2/0.4/0.8/1.6,1.2,50,25/35.35533906/50/70.71067812/100/141.4213562/200/282.8427125/400/565.6854249/800,5,IClamp,0.5,0.4,PiezoSine,0.04,50000,50000,5,0.3,0,67,6,NaN,PiezoSine_Raw_140219_F3_C4_67.mat,140219,140219_F3_C4,3,4,GH86-Gal4/+;pJFRC7/+;VT34811/+,01-May-2014 21:03:19,/Users/tony/Code/ParametersDB/140219/140219_F3_C4
0.4,5,0.1/0.2/0.4/0.8/1.6,1.2,50,25/35.35533906/50/70.71067812/100/141.4213562/200/282.8427125/400/565.6854249/800,5,IClamp,0.5,0.4,PiezoSine,0.04,50000,50000,5,0.3,0,68,6,NaN,PiezoSine_Raw_140219_F3_C4_68.mat,140219,140219_F3_C4,3,4,GH86-Gal4/+;pJFRC7/+;VT34811/+,01-May-2014 21:03:19,/Users/tony/Code/ParametersDB/140219/140219_F3_C4
0.8,5,0.1/0.2/0.4/0.8/1.6,1.2,50,25/35.35533906/50/70.71067812/100/141.4213562/200/282.8427125/400/565.6854249/800,5,IClamp,0.5,0.4,PiezoSine,0.04,50000,50000,5,0.3,0,69,6,NaN,PiezoSine_Raw_140219_F3_C4_69.mat,140219,140219_F3_C4,3,4,GH86-Gal4/+;pJFRC7/+;VT34811/+,01-May-2014 21:03:19,/Users/tony/Code/ParametersDB/140219/140219_F3_C4
1.6,5,0.1/0.2/0.4/0.8/1.6,1.2,50,25/35.35533906/50/70.71067812/100/141.4213562/200/282.8427125/400/565.6854249/800,5,IClamp,0.5,0.4,PiezoSine,0.04,50000,50000,5,0.3,0,70,6,NaN,PiezoSine_Raw_140219_F3_C4_70.mat,140219,140219_F3_C4,3,4,GH86-Gal4/+;pJFRC7/+;VT34811/+,01-May-2014 21:03:19,/Users/tony/Code/ParametersDB/140219/140219_F3_C4
0.1,5,0.1/0.2/0.4/0.8/1.6,1.2,70.7107,25/35.35533906/50/70.71067812/100/141.4213562/200/282.8427125/400/565.6854249/800,5,IClamp,0.5,0.4,PiezoSine,0.04,50000,50000,5,0.3,0,71,6,NaN,PiezoSine_Raw_140219_F3_C4_71.mat,140219,140219_F3_C4,3,4,GH86-Gal4/+;pJFRC7/+;VT34811/+,01-May-2014 21:03:19,/Users/tony/Code/ParametersDB/140219/140219_F3_C4
0.2,5,0.1/0.2/0.4/0.8/1.6,1.2,70.7107,25/35.35533906/50/70.71067812/100/141.4213562/200/282.8427125/400/565.6854249/800,5,IClamp,0.5,0.4,PiezoSine,0.04,50000,50000,5,0.3,0,72,6,NaN,PiezoSine_Raw_140219_F3_C4_72.mat,140219,140219_F3_C4,3,4,GH86-Gal4/+;pJFRC7/+;VT34811/+,01-May-2014 21:03:19,/Users/tony/Code/ParametersDB/140219/140219_F3_C4
0.4,5,0.1/0.2/0.4/0.8/1.6,1.2,70.7107,25/35.35533906/50/70.71067812/100/141.4213562/200/282.8427125/400/565.6854249/800,5,IClamp,0.5,0.4,PiezoSine,0.04,50000,50000,5,0.3,0,73,6,NaN,PiezoSine_Raw_140219_F3_C4_73.mat,140219,140219_F3_C4,3,4,GH86-Gal4/+;pJFRC7/+;VT34811/+,01-May-2014 21:03:19,/Users/tony/Code/ParametersDB/140219/140219_F3_C4
0.8,5,0.1/0.2/0.4/0.8/1.6,1.2,70.7107,25/35.35533906/50/70.71067812/100/141.4213562/200/282.8427125/400/565.6854249/800,5,IClamp,0.5,0.4,PiezoSine,0.04,50000,50000,5,0.3,0,74,6,NaN,PiezoSine_Raw_140219_F3_C4_74.mat,140219,140219_F3_C4,3,4,GH86-Gal4/+;pJFRC7/+;VT34811/+,01-May-2014 21:03:19,/Users/tony/Code/ParametersDB/140219/140219_F3_C4
1.6,5,0.1/0.2/0.4/0.8/1.6,1.2,70.7107,25/35.35533906/50/70.71067812/100/141.4213562/200/282.8427125/400/565.6854249/800,5,IClamp,0.5,0.4,PiezoSine,0.04,50000,50000,5,0.3,0,75,6,NaN,PiezoSine_Raw_140219_F3_C4_75.mat,140219,140219_F3_C4,3,4,GH86-Gal4/+;pJFRC7/+;VT34811/+,01-May-2014 21:03:19,/Users/tony/Code/ParametersDB/140219/140219_F3_C4
0.1,5,0.1/0.2/0.4/0.8/1.6,1.2,100,25/35.35533906/50/70.71067812/100/141.4213562/200/282.8427125/400/565.6854249/800,5,IClamp,0.5,0.4,PiezoSine,0.04,50000,50000,5,0.3,0,76,6,NaN,PiezoSine_Raw_140219_F3_C4_76.mat,140219,140219_F3_C4,3,4,GH86-Gal4/+;pJFRC7/+;VT34811/+,01-May-2014 21:03:19,/Users/tony/Code/ParametersDB/140219/140219_F3_C4
0.2,5,0.1/0.2/0.4/0.8/1.6,1.2,100,25/35.35533906/50/70.71067812/100/141.4213562/200/282.8427125/400/565.6854249/800,5,IClamp,0.5,0.4,PiezoSine,0.04,50000,50000,5,0.3,0,77,6,NaN,PiezoSine_Raw_140219_F3_C4_77.mat,140219,140219_F3_C4,3,4,GH86-Gal4/+;pJFRC7/+;VT34811/+,01-May-2014 21:03:19,/Users/tony/Code/ParametersDB/140219/140219_F3_C4
0.4,5,0.1/0.2/0.4/0.8/1.6,1.2,100,25/35.35533906/50/70.71067812/100/141.4213562/200/282.8427125/400/565.6854249/800,5,IClamp,0.5,0.4,PiezoSine,0.04,50000,50000,5,0.3,0,78,6,NaN,PiezoSine_Raw_140219_F3_C4_78.mat,140219,140219_F3_C4,3,4,GH86-Gal4/+;pJFRC7/+;VT34811/+,01-May-2014 21:03:19,/Users/tony/Code/ParametersDB/140219/140219_F3_C4
0.8,5,0.1/0.2/0.4/0.8/1.6,1.2,100,25/35.35533906/50/70.71067812/100/141.4213562/200/282.8427125/400/565.6854249/800,5,IClamp,0.5,0.4,PiezoSine,0.04,50000,50000,5,0.3,0,79,6,NaN,PiezoSine_Raw_140219_F3_C4_79.mat,140219,140219_F3_C4,3,4,GH86-Gal4/+;pJFRC7/+;VT34811/+,01-May-2014 21:03:19,/Users/tony/Code/ParametersDB/140219/140219_F3_C4
1.6,5,0.1/0.2/0.4/0.8/1.6,1.2,100,25/35.35533906/50/70.71067812/100/141.4213562/200/282.8427125/400/565.6854249/800,5,IClamp,0.5,0.4,PiezoSine,0.04,50000,50000,5,0.3,0,80,6,NaN,PiezoSine_Raw_140219_F3_C4_80.mat,140219,140219_F3_C4,3,4,GH86-Gal4/+;pJFRC7/+;VT34811/+,01-May-2014 21:03:19,/Users/tony/Code/ParametersDB/140219/140219_F3_C4
0.1,5,0.1/0.2/0.4/0.8/1.6,1.2,141.4214,25/35.35533906/50/70.71067812/100/141.4213562/200/282.8427125/400/565.6854249/800,5,IClamp,0.5,0.4,PiezoSine,0.04,50000,50000,5,0.3,0,81,6,NaN,PiezoSine_Raw_140219_F3_C4_81.mat,140219,140219_F3_C4,3,4,GH86-Gal4/+;pJFRC7/+;VT34811/+,01-May-2014 21:03:19,/Users/tony/Code/ParametersDB/140219/140219_F3_C4
0.2,5,0.1/0.2/0.4/0.8/1.6,1.2,141.4214,25/35.35533906/50/70.71067812/100/141.4213562/200/282.8427125/400/565.6854249/800,5,IClamp,0.5,0.4,PiezoSine,0.04,50000,50000,5,0.3,0,82,6,NaN,PiezoSine_Raw_140219_F3_C4_82.mat,140219,140219_F3_C4,3,4,GH86-Gal4/+;pJFRC7/+;VT34811/+,01-May-2014 21:03:19,/Users/tony/Code/ParametersDB/140219/140219_F3_C4
0.4,5,0.1/0.2/0.4/0.8/1.6,1.2,141.4214,25/35.35533906/50/70.71067812/100/141.4213562/200/282.8427125/400/565.6854249/800,5,IClamp,0.5,0.4,PiezoSine,0.04,50000,50000,5,0.3,0,83,6,NaN,PiezoSine_Raw_140219_F3_C4_83.mat,140219,140219_F3_C4,3,4,GH86-Gal4/+;pJFRC7/+;VT34811/+,01-May-2014 21:03:19,/Users/tony/Code/ParametersDB/140219/140219_F3_C4
0.8,5,0.1/0.2/0.4/0.8/1.6,1.2,141.4214,25/35.35533906/50/70.71067812/100/141.4213562/200/282.8427125/400/565.6854249/800,5,IClamp,0.5,0.4,PiezoSine,0.04,50000,50000,5,0.3,0,84,6,NaN,PiezoSine_Raw_140219_F3_C4_84.mat,140219,140219_F3_C4,3,4,GH86-Gal4/+;pJFRC7/+;VT34811/+,01-May-2014 21:03:19,/Users/tony/Code/ParametersDB/140219/140219_F3_C4
1.6,5,0.1/0.2/0.4/0.8/1.6,1.2,141.4214,25/35.35533906/50/70.71067812/100/141.4213562/200/282.8427125/400/565.6854249/800,5,IClamp,0.5,0.4,PiezoSine,0.04,50000,50000,5,0.3,0,85,6,NaN,PiezoSine_Raw_140219_F3_C4_85.mat,140219,140219_F3_C4,3,4,GH86-Gal4/+;pJFRC7/+;VT34811/+,01-May-2014 21:03:19,/Users/tony/Code/ParametersDB/140219/140219_F3_C4
0.1,5,0.1/0.2/0.4/0.8/1.6,1.2,200,25/35.35533906/50/70.71067812/100/141.4213562/200/282.8427125/400/565.6854249/800,5,IClamp,0.5,0.4,PiezoSine,0.04,50000,50000,5,0.3,0,86,6,NaN,PiezoSine_Raw_140219_F3_C4_86.mat,140219,140219_F3_C4,3,4,GH86-Gal4/+;pJFRC7/+;VT34811/+,01-May-2014 21:03:19,/Users/tony/Code/ParametersDB/140219/140219_F3_C4
0.2,5,0.1/0.2/0.4/0.8/1.6,1.2,200,25/35.35533906/50/70.71067812/100/141.4213562/200/282.8427125/400/565.6854249/800,5,IClamp,0.5,0.4,PiezoSine,0.04,50000,50000,5,0.3,0,87,6,NaN,PiezoSine_Raw_140219_F3_C4_87.mat,140219,140219_F3_C4,3,4,GH86-Gal4/+;pJFRC7/+;VT34811/+,01-May-2014 21:03:19,/Users/tony/Code/ParametersDB/140219/140219_F3_C4
0.4,5,0.1/0.2/0.4/0.8/1.6,1.2,200,25/35.35533906/50/70.71067812/100/141.4213562/200/282.8427125/400/565.6854249/800,5,IClamp,0.5,0.4,PiezoSine,0.04,50000,50000,5,0.3,0,88,6,NaN,PiezoSine_Raw_140219_F3_C4_88.mat,140219,140219_F3_C4,3,4,GH86-Gal4/+;pJFRC7/+;VT34811/+,01-May-2014 21:03:19,/Users/tony/Code/ParametersDB/140219/140219_F3_C4
0.8,5,0.1/0.2/0.4/0.8/1.6,1.2,200,25/35.35533906/50/70.71067812/100/141.4213562/200/282.8427125/400/565.6854249/800,5,IClamp,0.5,0.4,PiezoSine,0.04,50000,50000,5,0.3,0,89,6,NaN,PiezoSine_Raw_140219_F3_C4_89.mat,140219,140219_F3_C4,3,4,GH86-Gal4/+;pJFRC7/+;VT34811/+,01-May-2014 21:03:19,/Users/tony/Code/ParametersDB/140219/140219_F3_C4
1.6,5,0.1/0.2/0.4/0.8/1.6,1.2,200,25/35.35533906/50/70.71067812/100/141.4213562/200/282.8427125/400/565.6854249/800,5,IClamp,0.5,0.4,PiezoSine,0.04,50000,50000,5,0.3,0,90,6,NaN,PiezoSine_Raw_140219_F3_C4_90.mat,140219,140219_F3_C4,3,4,GH86-Gal4/+;pJFRC7/+;VT34811/+,01-May-2014 21:03:19,/Users/tony/Code/ParametersDB/140219/140219_F3_C4
0.1,5,0.1/0.2/0.4/0.8/1.6,1.2,282.8427,25/35.35533906/50/70.71067812/100/141.4213562/200/282.8427125/400/565.6854249/800,5,IClamp,0.5,0.4,PiezoSine,0.04,50000,50000,5,0.3,0,91,6,NaN,PiezoSine_Raw_140219_F3_C4_91.mat,140219,140219_F3_C4,3,4,GH86-Gal4/+;pJFRC7/+;VT34811/+,01-May-2014 21:03:19,/Users/tony/Code/ParametersDB/140219/140219_F3_C4
0.2,5,0.1/0.2/0.4/0.8/1.6,1.2,282.8427,25/35.35533906/50/70.71067812/100/141.4213562/200/282.8427125/400/565.6854249/800,5,IClamp,0.5,0.4,PiezoSine,0.04,50000,50000,5,0.3,0,92,6,NaN,PiezoSine_Raw_140219_F3_C4_92.mat,140219,140219_F3_C4,3,4,GH86-Gal4/+;pJFRC7/+;VT34811/+,01-May-2014 21:03:19,/Users/tony/Code/ParametersDB/140219/140219_F3_C4
0.4,5,0.1/0.2/0.4/0.8/1.6,1.2,282.8427,25/35.35533906/50/70.71067812/100/141.4213562/200/282.8427125/400/565.6854249/800,5,IClamp,0.5,0.4,PiezoSine,0.04,50000,50000,5,0.3,0,93,6,NaN,PiezoSine_Raw_140219_F3_C4_93.mat,140219,140219_F3_C4,3,4,GH86-Gal4/+;pJFRC7/+;VT34811/+,01-May-2014 21:03:19,/Users/tony/Code/ParametersDB/140219/140219_F3_C4
0.8,5,0.1/0.2/0.4/0.8/1.6,1.2,282.8427,25/35.35533906/50/70.71067812/100/141.4213562/200/282.8427125/400/565.6854249/800,5,IClamp,0.5,0.4,PiezoSine,0.04,50000,50000,5,0.3,0,94,6,NaN,PiezoSine_Raw_140219_F3_C4_94.mat,140219,140219_F3_C4,3,4,GH86-Gal4/+;pJFRC7/+;VT34811/+,01-May-2014 21:03:19,/Users/tony/Code/ParametersDB/140219/140219_F3_C4
1.6,5,0.1/0.2/0.4/0.8/1.6,1.2,282.8427,25/35.35533906/50/70.71067812/100/141.4213562/200/282.8427125/400/565.6854249/800,5,IClamp,0.5,0.4,PiezoSine,0.04,50000,50000,5,0.3,0,95,6,NaN,PiezoSine_Raw_140219_F3_C4_95.mat,140219,140219_F3_C4,3,4,GH86-Gal4/+;pJFRC7/+;VT34811/+,01-May-2014 21:03:19,/Users/tony/Code/ParametersDB/140219/140219_F3_C4
0.1,5,0.1/0.2/0.4/0.8/1.6,1.2,400,25/35.35533906/50/70.71067812/100/141.4213562/200/282.8427125/400/565.6854249/800,5,IClamp,0.5,0.4,PiezoSine,0.04,50000,50000,5,0.3,0,96,6,NaN,PiezoSine_Raw_140219_F3_C4_96.mat,140219,140219_F3_C4,3,4,GH86-Gal4/+;pJFRC7/+;VT34811/+,01-May-2014 21:03:19,/Users/tony/Code/ParametersDB/140219/140219_F3_C4
0.2,5,0.1/0.2/0.4/0.8/1.6,1.2,400,25/35.35533906/50/70.71067812/100/141.4213562/200/282.8427125/400/565.6854249/800,5,IClamp,0.5,0.4,PiezoSine,0.04,50000,50000,5,0.3,0,97,6,NaN,PiezoSine_Raw_140219_F3_C4_97.mat,140219,140219_F3_C4,3,4,GH86-Gal4/+;pJFRC7/+;VT34811/+,01-May-2014 21:03:19,/Users/tony/Code/ParametersDB/140219/140219_F3_C4
0.4,5,0.1/0.2/0.4/0.8/1.6,1.2,400,25/35.35533906/50/70.71067812/100/141.4213562/200/282.8427125/400/565.6854249/800,5,IClamp,0.5,0.4,PiezoSine,0.04,50000,50000,5,0.3,0,98,6,NaN,PiezoSine_Raw_140219_F3_C4_98.mat,140219,140219_F3_C4,3,4,GH86-Gal4/+;pJFRC7/+;VT34811/+,01-May-2014 21:03:19,/Users/tony/Code/ParametersDB/140219/140219_F3_C4
0.8,5,0.1/0.2/0.4/0.8/1.6,1.2,400,25/35.35533906/50/70.71067812/100/141.4213562/200/282.8427125/400/565.6854249/800,5,IClamp,0.5,0.4,PiezoSine,0.04,50000,50000,5,0.3,0,99,6,NaN,PiezoSine_Raw_140219_F3_C4_99.mat,140219,140219_F3_C4,3,4,GH86-Gal4/+;pJFRC7/+;VT34811/+,01-May-2014 21:03:19,/Users/tony/Code/ParametersDB/140219/140219_F3_C4
1.6,5,0.1/0.2/0.4/0.8/1.6,1.2,400,25/35.35533906/50/70.71067812/100/141.4213562/200/282.8427125/400/565.6854249/800,5,IClamp,0.5,0.4,PiezoSine,0.04,50000,50000,5,0.3,0,100,6,NaN,PiezoSine_Raw_140219_F3_C4_100.mat,140219,140219_F3_C4,3,4,GH86-Gal4/+;pJFRC7/+;VT34811/+,01-May-2014 21:03:19,/Users/tony/Code/ParametersDB/140219/140219_F3_C4
0.1,5,0.1/0.2/0.4/0.8/1.6,1.2,565.6854,25/35.35533906/50/70.71067812/100/141.4213562/200/282.8427125/400/565.6854249/800,5,IClamp,0.5,0.4,PiezoSine,0.04,50000,50000,5,0.3,0,101,6,NaN,PiezoSine_Raw_140219_F3_C4_101.mat,140219,140219_F3_C4,3,4,GH86-Gal4/+;pJFRC7/+;VT34811/+,01-May-2014 21:03:19,/Users/tony/Code/ParametersDB/140219/140219_F3_C4
0.2,5,0.1/0.2/0.4/0.8/1.6,1.2,565.6854,25/35.35533906/50/70.71067812/100/141.4213562/200/282.8427125/400/565.6854249/800,5,IClamp,0.5,0.4,PiezoSine,0.04,50000,50000,5,0.3,0,102,6,NaN,PiezoSine_Raw_140219_F3_C4_102.mat,140219,140219_F3_C4,3,4,GH86-Gal4/+;pJFRC7/+;VT34811/+,01-May-2014 21:03:19,/Users/tony/Code/ParametersDB/140219/140219_F3_C4
0.4,5,0.1/0.2/0.4/0.8/1.6,1.2,565.6854,25/35.35533906/50/70.71067812/100/141.4213562/200/282.8427125/400/565.6854249/800,5,IClamp,0.5,0.4,PiezoSine,0.04,50000,50000,5,0.3,0,103,6,NaN,PiezoSine_Raw_140219_F3_C4_103.mat,140219,140219_F3_C4,3,4,GH86-Gal4/+;pJFRC7/+;VT34811/+,01-May-2014 21:03:19,/Users/tony/Code/ParametersDB/140219/140219_F3_C4
0.8,5,0.1/0.2/0.4/0.8/1.6,1.2,565.6854,25/35.35533906/50/70.71067812/100/141.4213562/200/282.8427125/400/565.6854249/800,5,IClamp,0.5,0.4,PiezoSine,0.04,50000,50000,5,0.3,0,104,6,NaN,PiezoSine_Raw_140219_F3_C4_104.mat,140219,140219_F3_C4,3,4,GH86-Gal4/+;pJFRC7/+;VT34811/+,01-May-2014 21:03:19,/Users/tony/Code/ParametersDB/140219/140219_F3_C4
1.6,5,0.1/0.2/0.4/0.8/1.6,1.2,565.6854,25/35.35533906/50/70.71067812/100/141.4213562/200/282.8427125/400/565.6854249/800,5,IClamp,0.5,0.4,PiezoSine,0.04,50000,50000,5,0.3,0,105,6,NaN,PiezoSine_Raw_140219_F3_C4_105.mat,140219,140219_F3_C4,3,4,GH86-Gal4/+;pJFRC7/+;VT34811/+,01-May-2014 21:03:19,/Users/tony/Code/ParametersDB/140219/140219_F3_C4
0.1,5,0.1/0.2/0.4/0.8/1.6,1.2,800,25/35.35533906/50/70.71067812/100/141.4213562/200/282.8427125/400/565.6854249/800,5,IClamp,0.5,0.4,PiezoSine,0.04,50000,50000,5,0.3,0,106,6,NaN,PiezoSine_Raw_140219_F3_C4_106.mat,140219,140219_F3_C4,3,4,GH86-Gal4/+;pJFRC7/+;VT34811/+,01-May-2014 21:03:19,/Users/tony/Code/ParametersDB/140219/140219_F3_C4
0.2,5,0.1/0.2/0.4/0.8/1.6,1.2,800,25/35.35533906/50/70.71067812/100/141.4213562/200/282.8427125/400/565.6854249/800,5,IClamp,0.5,0.4,PiezoSine,0.04,50000,50000,5,0.3,0,107,6,NaN,PiezoSine_Raw_140219_F3_C4_107.mat,140219,140219_F3_C4,3,4,GH86-Gal4/+;pJFRC7/+;VT34811/+,01-May-2014 21:03:19,/Users/tony/Code/ParametersDB/140219/140219_F3_C4
0.4,5,0.1/0.2/0.4/0.8/1.6,1.2,800,25/35.35533906/50/70.71067812/100/141.4213562/200/282.8427125/400/565.6854249/800,5,IClamp,0.5,0.4,PiezoSine,0.04,50000,50000,5,0.3,0,108,6,NaN,PiezoSine_Raw_140219_F3_C4_108.mat,140219,140219_F3_C4,3,4,GH86-Gal4/+;pJFRC7/+;VT34811/+,01-May-2014 21:03:19,/Users/tony/Code/ParametersDB/140219/140219_F3_C4
0.8,5,0.1/0.2/0.4/0.8/1.6,1.2,800,25/35.35533906/50/70.71067812/100/141.4213562/200/282.8427125/400/565.6854249/800,5,IClamp,0.5,0.4,PiezoSine,0.04,50000,50000,5,0.3,0,109,6,NaN,PiezoSine_Raw_140219_F3_C4_109.mat,140219,140219_F3_C4,3,4,GH86-Gal4/+;pJFRC7/+;VT34811/+,01-May-2014 21:03:19,/Users/tony/Code/ParametersDB/140219/140219_F3_C4
1.6,5,0.1/0.2/0.4/0.8/1.6,1.2,800,25/35.35533906/50/70.71067812/100/141.4213562/200/282.8427125/400/565.6854249/800,5,IClamp,0.5,0.4,PiezoSine,0.04,50000,50000,5,0.3,0,110,6,NaN,PiezoSine_Raw_140219_F3_C4_110.mat,140219,140219_F3_C4,3,4,GH86-Gal4/+;pJFRC7/+;VT34811/+,01-May-2014 21:03:19,/Users/tony/Code/ParametersDB/140219/140219_F3_C4
0.1,5,0.1/0.2/0.4/0.8/1.6,1.2,25,25/35.35533906/50/70.71067812/100/141.4213562/200/282.8427125/400/565.6854249/800,5,IClamp,0.5,0.4,PiezoSine,0.04,50000,50000,5,0.3,0,111,6,NaN,PiezoSine_Raw_140219_F3_C4_111.mat,140219,140219_F3_C4,3,4,GH86-Gal4/+;pJFRC7/+;VT34811/+,01-May-2014 21:03:19,/Users/tony/Code/ParametersDB/140219/140219_F3_C4
0.2,5,0.1/0.2/0.4/0.8/1.6,1.2,25,25/35.35533906/50/70.71067812/100/141.4213562/200/282.8427125/400/565.6854249/800,5,IClamp,0.5,0.4,PiezoSine,0.04,50000,50000,5,0.3,0,112,6,NaN,PiezoSine_Raw_140219_F3_C4_112.mat,140219,140219_F3_C4,3,4,GH86-Gal4/+;pJFRC7/+;VT34811/+,01-May-2014 21:03:19,/Users/tony/Code/ParametersDB/140219/140219_F3_C4
0.4,5,0.1/0.2/0.4/0.8/1.6,1.2,25,25/35.35533906/50/70.71067812/100/141.4213562/200/282.8427125/400/565.6854249/800,5,IClamp,0.5,0.4,PiezoSine,0.04,50000,50000,5,0.3,0,113,6,NaN,PiezoSine_Raw_140219_F3_C4_113.mat,140219,140219_F3_C4,3,4,GH86-Gal4/+;pJFRC7/+;VT34811/+,01-May-2014 21:03:19,/Users/tony/Code/ParametersDB/140219/140219_F3_C4
0.8,5,0.1/0.2/0.4/0.8/1.6,1.2,25,25/35.35533906/50/70.71067812/100/141.4213562/200/282.8427125/400/565.6854249/800,5,IClamp,0.5,0.4,PiezoSine,0.04,50000,50000,5,0.3,0,114,6,NaN,PiezoSine_Raw_140219_F3_C4_114.mat,140219,140219_F3_C4,3,4,GH86-Gal4/+;pJFRC7/+;VT34811/+,01-May-2014 21:03:19,/Users/tony/Code/ParametersDB/140219/140219_F3_C4
1.6,5,0.1/0.2/0.4/0.8/1.6,1.2,25,25/35.35533906/50/70.71067812/100/141.4213562/200/282.8427125/400/565.6854249/800,5,IClamp,0.5,0.4,PiezoSine,0.04,50000,50000,5,0.3,0,115,6,NaN,PiezoSine_Raw_140219_F3_C4_115.mat,140219,140219_F3_C4,3,4,GH86-Gal4/+;pJFRC7/+;VT34811/+,01-May-2014 21:03:19,/Users/tony/Code/ParametersDB/140219/140219_F3_C4
0.1,5,0.1/0.2/0.4/0.8/1.6,1.2,35.3553,25/35.35533906/50/70.71067812/100/141.4213562/200/282.8427125/400/565.6854249/800,5,IClamp,0.5,0.4,PiezoSine,0.04,50000,50000,5,0.3,0,116,6,NaN,PiezoSine_Raw_140219_F3_C4_116.mat,140219,140219_F3_C4,3,4,GH86-Gal4/+;pJFRC7/+;VT34811/+,01-May-2014 21:03:19,/Users/tony/Code/ParametersDB/140219/140219_F3_C4
0.2,5,0.1/0.2/0.4/0.8/1.6,1.2,35.3553,25/35.35533906/50/70.71067812/100/141.4213562/200/282.8427125/400/565.6854249/800,5,IClamp,0.5,0.4,PiezoSine,0.04,50000,50000,5,0.3,0,117,6,NaN,PiezoSine_Raw_140219_F3_C4_117.mat,140219,140219_F3_C4,3,4,GH86-Gal4/+;pJFRC7/+;VT34811/+,01-May-2014 21:03:19,/Users/tony/Code/ParametersDB/140219/140219_F3_C4
0.4,5,0.1/0.2/0.4/0.8/1.6,1.2,35.3553,25/35.35533906/50/70.71067812/100/141.4213562/200/282.8427125/400/565.6854249/800,5,IClamp,0.5,0.4,PiezoSine,0.04,50000,50000,5,0.3,0,118,6,NaN,PiezoSine_Raw_140219_F3_C4_118.mat,140219,140219_F3_C4,3,4,GH86-Gal4/+;pJFRC7/+;VT34811/+,01-May-2014 21:03:19,/Users/tony/Code/ParametersDB/140219/140219_F3_C4
0.8,5,0.1/0.2/0.4/0.8/1.6,1.2,35.3553,25/35.35533906/50/70.71067812/100/141.4213562/200/282.8427125/400/565.6854249/800,5,IClamp,0.5,0.4,PiezoSine,0.04,50000,50000,5,0.3,0,119,6,NaN,PiezoSine_Raw_140219_F3_C4_119.mat,140219,140219_F3_C4,3,4,GH86-Gal4/+;pJFRC7/+;VT34811/+,01-May-2014 21:03:19,/Users/tony/Code/ParametersDB/140219/140219_F3_C4
1.6,5,0.1/0.2/0.4/0.8/1.6,1.2,35.3553,25/35.35533906/50/70.71067812/100/141.4213562/200/282.8427125/400/565.6854249/800,5,IClamp,0.5,0.4,PiezoSine,0.04,50000,50000,5,0.3,0,120,6,NaN,PiezoSine_Raw_140219_F3_C4_120.mat,140219,140219_F3_C4,3,4,GH86-Gal4/+;pJFRC7/+;VT34811/+,01-May-2014 21:03:19,/Users/tony/Code/ParametersDB/140219/140219_F3_C4
0.1,5,0.1/0.2/0.4/0.8/1.6,1.2,50,25/35.35533906/50/70.71067812/100/141.4213562/200/282.8427125/400/565.6854249/800,5,IClamp,0.5,0.4,PiezoSine,0.04,50000,50000,5,0.3,0,121,6,NaN,PiezoSine_Raw_140219_F3_C4_121.mat,140219,140219_F3_C4,3,4,GH86-Gal4/+;pJFRC7/+;VT34811/+,01-May-2014 21:03:19,/Users/tony/Code/ParametersDB/140219/140219_F3_C4
0.2,5,0.1/0.2/0.4/0.8/1.6,1.2,50,25/35.35533906/50/70.71067812/100/141.4213562/200/282.8427125/400/565.6854249/800,5,IClamp,0.5,0.4,PiezoSine,0.04,50000,50000,5,0.3,0,122,6,NaN,PiezoSine_Raw_140219_F3_C4_122.mat,140219,140219_F3_C4,3,4,GH86-Gal4/+;pJFRC7/+;VT34811/+,01-May-2014 21:03:19,/Users/tony/Code/ParametersDB/140219/140219_F3_C4
0.4,5,0.1/0.2/0.4/0.8/1.6,1.2,50,25/35.35533906/50/70.71067812/100/141.4213562/200/282.8427125/400/565.6854249/800,5,IClamp,0.5,0.4,PiezoSine,0.04,50000,50000,5,0.3,0,123,6,NaN,PiezoSine_Raw_140219_F3_C4_123.mat,140219,140219_F3_C4,3,4,GH86-Gal4/+;pJFRC7/+;VT34811/+,01-May-2014 21:03:19,/Users/tony/Code/ParametersDB/140219/140219_F3_C4
0.8,5,0.1/0.2/0.4/0.8/1.6,1.2,50,25/35.35533906/50/70.71067812/100/141.4213562/200/282.8427125/400/565.6854249/800,5,IClamp,0.5,0.4,PiezoSine,0.04,50000,50000,5,0.3,0,124,6,NaN,PiezoSine_Raw_140219_F3_C4_124.mat,140219,140219_F3_C4,3,4,GH86-Gal4/+;pJFRC7/+;VT34811/+,01-May-2014 21:03:19,/Users/tony/Code/ParametersDB/140219/140219_F3_C4
1.6,5,0.1/0.2/0.4/0.8/1.6,1.2,50,25/35.35533906/50/70.71067812/100/141.4213562/200/282.8427125/400/565.6854249/800,5,IClamp,0.5,0.4,PiezoSine,0.04,50000,50000,5,0.3,0,125,6,NaN,PiezoSine_Raw_140219_F3_C4_125.mat,140219,140219_F3_C4,3,4,GH86-Gal4/+;pJFRC7/+;VT34811/+,01-May-2014 21:03:19,/Users/tony/Code/ParametersDB/140219/140219_F3_C4
0.1,5,0.1/0.2/0.4/0.8/1.6,1.2,70.7107,25/35.35533906/50/70.71067812/100/141.4213562/200/282.8427125/400/565.6854249/800,5,IClamp,0.5,0.4,PiezoSine,0.04,50000,50000,5,0.3,0,126,6,NaN,PiezoSine_Raw_140219_F3_C4_126.mat,140219,140219_F3_C4,3,4,GH86-Gal4/+;pJFRC7/+;VT34811/+,01-May-2014 21:03:19,/Users/tony/Code/ParametersDB/140219/140219_F3_C4
0.2,5,0.1/0.2/0.4/0.8/1.6,1.2,70.7107,25/35.35533906/50/70.71067812/100/141.4213562/200/282.8427125/400/565.6854249/800,5,IClamp,0.5,0.4,PiezoSine,0.04,50000,50000,5,0.3,0,127,6,NaN,PiezoSine_Raw_140219_F3_C4_127.mat,140219,140219_F3_C4,3,4,GH86-Gal4/+;pJFRC7/+;VT34811/+,01-May-2014 21:03:19,/Users/tony/Code/ParametersDB/140219/140219_F3_C4
0.4,5,0.1/0.2/0.4/0.8/1.6,1.2,70.7107,25/35.35533906/50/70.71067812/100/141.4213562/200/282.8427125/400/565.6854249/800,5,IClamp,0.5,0.4,PiezoSine,0.04,50000,50000,5,0.3,0,128,6,NaN,PiezoSine_Raw_140219_F3_C4_128.mat,140219,140219_F3_C4,3,4,GH86-Gal4/+;pJFRC7/+;VT34811/+,01-May-2014 21:03:19,/Users/tony/Code/ParametersDB/140219/140219_F3_C4
0.8,5,0.1/0.2/0.4/0.8/1.6,1.2,70.7107,25/35.35533906/50/70.71067812/100/141.4213562/200/282.8427125/400/565.6854249/800,5,IClamp,0.5,0.4,PiezoSine,0.04,50000,50000,5,0.3,0,129,6,NaN,PiezoSine_Raw_140219_F3_C4_129.mat,140219,140219_F3_C4,3,4,GH86-Gal4/+;pJFRC7/+;VT34811/+,01-May-2014 21:03:19,/Users/tony/Code/ParametersDB/140219/140219_F3_C4
1.6,5,0.1/0.2/0.4/0.8/1.6,1.2,70.7107,25/35.35533906/50/70.71067812/100/141.4213562/200/282.8427125/400/565.6854249/800,5,IClamp,0.5,0.4,PiezoSine,0.04,50000,50000,5,0.3,0,130,6,NaN,PiezoSine_Raw_140219_F3_C4_130.mat,140219,140219_F3_C4,3,4,GH86-Gal4/+;pJFRC7/+;VT34811/+,01-May-2014 21:03:19,/Users/tony/Code/ParametersDB/140219/140219_F3_C4
0.1,5,0.1/0.2/0.4/0.8/1.6,1.2,100,25/35.35533906/50/70.71067812/100/141.4213562/200/282.8427125/400/565.6854249/800,5,IClamp,0.5,0.4,PiezoSine,0.04,50000,50000,5,0.3,0,131,6,NaN,PiezoSine_Raw_140219_F3_C4_131.mat,140219,140219_F3_C4,3,4,GH86-Gal4/+;pJFRC7/+;VT34811/+,01-May-2014 21:03:19,/Users/tony/Code/ParametersDB/140219/140219_F3_C4
0.2,5,0.1/0.2/0.4/0.8/1.6,1.2,100,25/35.35533906/50/70.71067812/100/141.4213562/200/282.8427125/400/565.6854249/800,5,IClamp,0.5,0.4,PiezoSine,0.04,50000,50000,5,0.3,0,132,6,NaN,PiezoSine_Raw_140219_F3_C4_132.mat,140219,140219_F3_C4,3,4,GH86-Gal4/+;pJFRC7/+;VT34811/+,01-May-2014 21:03:19,/Users/tony/Code/ParametersDB/140219/140219_F3_C4
0.4,5,0.1/0.2/0.4/0.8/1.6,1.2,100,25/35.35533906/50/70.71067812/100/141.4213562/200/282.8427125/400/565.6854249/800,5,IClamp,0.5,0.4,PiezoSine,0.04,50000,50000,5,0.3,0,133,6,NaN,PiezoSine_Raw_140219_F3_C4_133.mat,140219,140219_F3_C4,3,4,GH86-Gal4/+;pJFRC7/+;VT34811/+,01-May-2014 21:03:19,/Users/tony/Code/ParametersDB/140219/140219_F3_C4
0.8,5,0.1/0.2/0.4/0.8/1.6,1.2,100,25/35.35533906/50/70.71067812/100/141.4213562/200/282.8427125/400/565.6854249/800,5,IClamp,0.5,0.4,PiezoSine,0.04,50000,50000,5,0.3,0,134,6,NaN,PiezoSine_Raw_140219_F3_C4_134.mat,140219,140219_F3_C4,3,4,GH86-Gal4/+;pJFRC7/+;VT34811/+,01-May-2014 21:03:19,/Users/tony/Code/ParametersDB/140219/140219_F3_C4
1.6,5,0.1/0.2/0.4/0.8/1.6,1.2,100,25/35.35533906/50/70.71067812/100/141.4213562/200/282.8427125/400/565.6854249/800,5,IClamp,0.5,0.4,PiezoSine,0.04,50000,50000,5,0.3,0,135,6,NaN,PiezoSine_Raw_140219_F3_C4_135.mat,140219,140219_F3_C4,3,4,GH86-Gal4/+;pJFRC7/+;VT34811/+,01-May-2014 21:03:19,/Users/tony/Code/ParametersDB/140219/140219_F3_C4
0.1,5,0.1/0.2/0.4/0.8/1.6,1.2,141.4214,25/35.35533906/50/70.71067812/100/141.4213562/200/282.8427125/400/565.6854249/800,5,IClamp,0.5,0.4,PiezoSine,0.04,50000,50000,5,0.3,0,136,6,NaN,PiezoSine_Raw_140219_F3_C4_136.mat,140219,140219_F3_C4,3,4,GH86-Gal4/+;pJFRC7/+;VT34811/+,01-May-2014 21:03:19,/Users/tony/Code/ParametersDB/140219/140219_F3_C4
0.2,5,0.1/0.2/0.4/0.8/1.6,1.2,141.4214,25/35.35533906/50/70.71067812/100/141.4213562/200/282.8427125/400/565.6854249/800,5,IClamp,0.5,0.4,PiezoSine,0.04,50000,50000,5,0.3,0,137,6,NaN,PiezoSine_Raw_140219_F3_C4_137.mat,140219,140219_F3_C4,3,4,GH86-Gal4/+;pJFRC7/+;VT34811/+,01-May-2014 21:03:19,/Users/tony/Code/ParametersDB/140219/140219_F3_C4
0.4,5,0.1/0.2/0.4/0.8/1.6,1.2,141.4214,25/35.35533906/50/70.71067812/100/141.4213562/200/282.8427125/400/565.6854249/800,5,IClamp,0.5,0.4,PiezoSine,0.04,50000,50000,5,0.3,0,138,6,NaN,PiezoSine_Raw_140219_F3_C4_138.mat,140219,140219_F3_C4,3,4,GH86-Gal4/+;pJFRC7/+;VT34811/+,01-May-2014 21:03:19,/Users/tony/Code/ParametersDB/140219/140219_F3_C4
0.8,5,0.1/0.2/0.4/0.8/1.6,1.2,141.4214,25/35.35533906/50/70.71067812/100/141.4213562/200/282.8427125/400/565.6854249/800,5,IClamp,0.5,0.4,PiezoSine,0.04,50000,50000,5,0.3,0,139,6,NaN,PiezoSine_Raw_140219_F3_C4_139.mat,140219,140219_F3_C4,3,4,GH86-Gal4/+;pJFRC7/+;VT34811/+,01-May-2014 21:03:19,/Users/tony/Code/ParametersDB/140219/140219_F3_C4
1.6,5,0.1/0.2/0.4/0.8/1.6,1.2,141.4214,25/35.35533906/50/70.71067812/100/141.4213562/200/282.8427125/400/565.6854249/800,5,IClamp,0.5,0.4,PiezoSine,0.04,50000,50000,5,0.3,0,140,6,NaN,PiezoSine_Raw_140219_F3_C4_140.mat,140219,140219_F3_C4,3,4,GH86-Gal4/+;pJFRC7/+;VT34811/+,01-May-2014 21:03:19,/Users/tony/Code/ParametersDB/140219/140219_F3_C4
0.1,5,0.1/0.2/0.4/0.8/1.6,1.2,200,25/35.35533906/50/70.71067812/100/141.4213562/200/282.8427125/400/565.6854249/800,5,IClamp,0.5,0.4,PiezoSine,0.04,50000,50000,5,0.3,0,141,6,NaN,PiezoSine_Raw_140219_F3_C4_141.mat,140219,140219_F3_C4,3,4,GH86-Gal4/+;pJFRC7/+;VT34811/+,01-May-2014 21:03:19,/Users/tony/Code/ParametersDB/140219/140219_F3_C4
0.2,5,0.1/0.2/0.4/0.8/1.6,1.2,200,25/35.35533906/50/70.71067812/100/141.4213562/200/282.8427125/400/565.6854249/800,5,IClamp,0.5,0.4,PiezoSine,0.04,50000,50000,5,0.3,0,142,6,NaN,PiezoSine_Raw_140219_F3_C4_142.mat,140219,140219_F3_C4,3,4,GH86-Gal4/+;pJFRC7/+;VT34811/+,01-May-2014 21:03:19,/Users/tony/Code/ParametersDB/140219/140219_F3_C4
0.4,5,0.1/0.2/0.4/0.8/1.6,1.2,200,25/35.35533906/50/70.71067812/100/141.4213562/200/282.8427125/400/565.6854249/800,5,IClamp,0.5,0.4,PiezoSine,0.04,50000,50000,5,0.3,0,143,6,NaN,PiezoSine_Raw_140219_F3_C4_143.mat,140219,140219_F3_C4,3,4,GH86-Gal4/+;pJFRC7/+;VT34811/+,01-May-2014 21:03:19,/Users/tony/Code/ParametersDB/140219/140219_F3_C4
0.8,5,0.1/0.2/0.4/0.8/1.6,1.2,200,25/35.35533906/50/70.71067812/100/141.4213562/200/282.8427125/400/565.6854249/800,5,IClamp,0.5,0.4,PiezoSine,0.04,50000,50000,5,0.3,0,144,6,NaN,PiezoSine_Raw_140219_F3_C4_144.mat,140219,140219_F3_C4,3,4,GH86-Gal4/+;pJFRC7/+;VT34811/+,01-May-2014 21:03:19,/Users/tony/Code/ParametersDB/140219/140219_F3_C4
1.6,5,0.1/0.2/0.4/0.8/1.6,1.2,200,25/35.35533906/50/70.71067812/100/141.4213562/200/282.8427125/400/565.6854249/800,5,IClamp,0.5,0.4,PiezoSine,0.04,50000,50000,5,0.3,0,145,6,NaN,PiezoSine_Raw_140219_F3_C4_145.mat,140219,140219_F3_C4,3,4,GH86-Gal4/+;pJFRC7/+;VT34811/+,01-May-2014 21:03:19,/Users/tony/Code/ParametersDB/140219/140219_F3_C4
0.1,5,0.1/0.2/0.4/0.8/1.6,1.2,282.8427,25/35.35533906/50/70.71067812/100/141.4213562/200/282.8427125/400/565.6854249/800,5,IClamp,0.5,0.4,PiezoSine,0.04,50000,50000,5,0.3,0,146,6,NaN,PiezoSine_Raw_140219_F3_C4_146.mat,140219,140219_F3_C4,3,4,GH86-Gal4/+;pJFRC7/+;VT34811/+,01-May-2014 21:03:19,/Users/tony/Code/ParametersDB/140219/140219_F3_C4
0.2,5,0.1/0.2/0.4/0.8/1.6,1.2,282.8427,25/35.35533906/50/70.71067812/100/141.4213562/200/282.8427125/400/565.6854249/800,5,IClamp,0.5,0.4,PiezoSine,0.04,50000,50000,5,0.3,0,147,6,NaN,PiezoSine_Raw_140219_F3_C4_147.mat,140219,140219_F3_C4,3,4,GH86-Gal4/+;pJFRC7/+;VT34811/+,01-May-2014 21:03:19,/Users/tony/Code/ParametersDB/140219/140219_F3_C4
0.4,5,0.1/0.2/0.4/0.8/1.6,1.2,282.8427,25/35.35533906/50/70.71067812/100/141.4213562/200/282.8427125/400/565.6854249/800,5,IClamp,0.5,0.4,PiezoSine,0.04,50000,50000,5,0.3,0,148,6,NaN,PiezoSine_Raw_140219_F3_C4_148.mat,140219,140219_F3_C4,3,4,GH86-Gal4/+;pJFRC7/+;VT34811/+,01-May-2014 21:03:19,/Users/tony/Code/ParametersDB/140219/140219_F3_C4
0.8,5,0.1/0.2/0.4/0.8/1.6,1.2,282.8427,25/35.35533906/50/70.71067812/100/141.4213562/200/282.8427125/400/565.6854249/800,5,IClamp,0.5,0.4,PiezoSine,0.04,50000,50000,5,0.3,0,149,6,NaN,PiezoSine_Raw_140219_F3_C4_149.mat,140219,140219_F3_C4,3,4,GH86-Gal4/+;pJFRC7/+;VT34811/+,01-May-2014 21:03:19,/Users/tony/Code/ParametersDB/140219/140219_F3_C4
1.6,5,0.1/0.2/0.4/0.8/1.6,1.2,282.8427,25/35.35533906/50/70.71067812/100/141.4213562/200/282.8427125/400/565.6854249/800,5,IClamp,0.5,0.4,PiezoSine,0.04,50000,50000,5,0.3,0,150,6,NaN,PiezoSine_Raw_140219_F3_C4_150.mat,140219,140219_F3_C4,3,4,GH86-Gal4/+;pJFRC7/+;VT34811/+,01-May-2014 21:03:19,/Users/tony/Code/ParametersDB/140219/140219_F3_C4
0.1,5,0.1/0.2/0.4/0.8/1.6,1.2,400,25/35.35533906/50/70.71067812/100/141.4213562/200/282.8427125/400/565.6854249/800,5,IClamp,0.5,0.4,PiezoSine,0.04,50000,50000,5,0.3,0,151,6,NaN,PiezoSine_Raw_140219_F3_C4_151.mat,140219,140219_F3_C4,3,4,GH86-Gal4/+;pJFRC7/+;VT34811/+,01-May-2014 21:03:19,/Users/tony/Code/ParametersDB/140219/140219_F3_C4
0.2,5,0.1/0.2/0.4/0.8/1.6,1.2,400,25/35.35533906/50/70.71067812/100/141.4213562/200/282.8427125/400/565.6854249/800,5,IClamp,0.5,0.4,PiezoSine,0.04,50000,50000,5,0.3,0,152,6,NaN,PiezoSine_Raw_140219_F3_C4_152.mat,140219,140219_F3_C4,3,4,GH86-Gal4/+;pJFRC7/+;VT34811/+,01-May-2014 21:03:19,/Users/tony/Code/ParametersDB/140219/140219_F3_C4
0.4,5,0.1/0.2/0.4/0.8/1.6,1.2,400,25/35.35533906/50/70.71067812/100/141.4213562/200/282.8427125/400/565.6854249/800,5,IClamp,0.5,0.4,PiezoSine,0.04,50000,50000,5,0.3,0,153,6,NaN,PiezoSine_Raw_140219_F3_C4_153.mat,140219,140219_F3_C4,3,4,GH86-Gal4/+;pJFRC7/+;VT34811/+,01-May-2014 21:03:19,/Users/tony/Code/ParametersDB/140219/140219_F3_C4
0.8,5,0.1/0.2/0.4/0.8/1.6,1.2,400,25/35.35533906/50/70.71067812/100/141.4213562/200/282.8427125/400/565.6854249/800,5,IClamp,0.5,0.4,PiezoSine,0.04,50000,50000,5,0.3,0,154,6,NaN,PiezoSine_Raw_140219_F3_C4_154.mat,140219,140219_F3_C4,3,4,GH86-Gal4/+;pJFRC7/+;VT34811/+,01-May-2014 21:03:19,/Users/tony/Code/ParametersDB/140219/140219_F3_C4
1.6,5,0.1/0.2/0.4/0.8/1.6,1.2,400,25/35.35533906/50/70.71067812/100/141.4213562/200/282.8427125/400/565.6854249/800,5,IClamp,0.5,0.4,PiezoSine,0.04,50000,50000,5,0.3,0,155,6,NaN,PiezoSine_Raw_140219_F3_C4_155.mat,140219,140219_F3_C4,3,4,GH86-Gal4/+;pJFRC7/+;VT34811/+,01-May-2014 21:03:19,/Users/tony/Code/ParametersDB/140219/140219_F3_C4
0.1,5,0.1/0.2/0.4/0.8/1.6,1.2,565.6854,25/35.35533906/50/70.71067812/100/141.4213562/200/282.8427125/400/565.6854249/800,5,IClamp,0.5,0.4,PiezoSine,0.04,50000,50000,5,0.3,0,156,6,NaN,PiezoSine_Raw_140219_F3_C4_156.mat,140219,140219_F3_C4,3,4,GH86-Gal4/+;pJFRC7/+;VT34811/+,01-May-2014 21:03:19,/Users/tony/Code/ParametersDB/140219/140219_F3_C4
0.2,5,0.1/0.2/0.4/0.8/1.6,1.2,565.6854,25/35.35533906/50/70.71067812/100/141.4213562/200/282.8427125/400/565.6854249/800,5,IClamp,0.5,0.4,PiezoSine,0.04,50000,50000,5,0.3,0,157,6,NaN,PiezoSine_Raw_140219_F3_C4_157.mat,140219,140219_F3_C4,3,4,GH86-Gal4/+;pJFRC7/+;VT34811/+,01-May-2014 21:03:19,/Users/tony/Code/ParametersDB/140219/140219_F3_C4
0.4,5,0.1/0.2/0.4/0.8/1.6,1.2,565.6854,25/35.35533906/50/70.71067812/100/141.4213562/200/282.8427125/400/565.6854249/800,5,IClamp,0.5,0.4,PiezoSine,0.04,50000,50000,5,0.3,0,158,6,NaN,PiezoSine_Raw_140219_F3_C4_158.mat,140219,140219_F3_C4,3,4,GH86-Gal4/+;pJFRC7/+;VT34811/+,01-May-2014 21:03:19,/Users/tony/Code/ParametersDB/140219/140219_F3_C4
0.8,5,0.1/0.2/0.4/0.8/1.6,1.2,565.6854,25/35.35533906/50/70.71067812/100/141.4213562/200/282.8427125/400/565.6854249/800,5,IClamp,0.5,0.4,PiezoSine,0.04,50000,50000,5,0.3,0,159,6,NaN,PiezoSine_Raw_140219_F3_C4_159.mat,140219,140219_F3_C4,3,4,GH86-Gal4/+;pJFRC7/+;VT34811/+,01-May-2014 21:03:19,/Users/tony/Code/ParametersDB/140219/140219_F3_C4
1.6,5,0.1/0.2/0.4/0.8/1.6,1.2,565.6854,25/35.35533906/50/70.71067812/100/141.4213562/200/282.8427125/400/565.6854249/800,5,IClamp,0.5,0.4,PiezoSine,0.04,50000,50000,5,0.3,0,160,6,NaN,PiezoSine_Raw_140219_F3_C4_160.mat,140219,140219_F3_C4,3,4,GH86-Gal4/+;pJFRC7/+;VT34811/+,01-May-2014 21:03:19,/Users/tony/Code/ParametersDB/140219/140219_F3_C4
0.1,5,0.1/0.2/0.4/0.8/1.6,1.2,800,25/35.35533906/50/70.71067812/100/141.4213562/200/282.8427125/400/565.6854249/800,5,IClamp,0.5,0.4,PiezoSine,0.04,50000,50000,5,0.3,0,161,6,NaN,PiezoSine_Raw_140219_F3_C4_161.mat,140219,140219_F3_C4,3,4,GH86-Gal4/+;pJFRC7/+;VT34811/+,01-May-2014 21:03:19,/Users/tony/Code/ParametersDB/140219/140219_F3_C4
0.2,5,0.1/0.2/0.4/0.8/1.6,1.2,800,25/35.35533906/50/70.71067812/100/141.4213562/200/282.8427125/400/565.6854249/800,5,IClamp,0.5,0.4,PiezoSine,0.04,50000,50000,5,0.3,0,162,6,NaN,PiezoSine_Raw_140219_F3_C4_162.mat,140219,140219_F3_C4,3,4,GH86-Gal4/+;pJFRC7/+;VT34811/+,01-May-2014 21:03:19,/Users/tony/Code/ParametersDB/140219/140219_F3_C4
0.4,5,0.1/0.2/0.4/0.8/1.6,1.2,800,25/35.35533906/50/70.71067812/100/141.4213562/200/282.8427125/400/565.6854249/800,5,IClamp,0.5,0.4,PiezoSine,0.04,50000,50000,5,0.3,0,163,6,NaN,PiezoSine_Raw_140219_F3_C4_163.mat,140219,140219_F3_C4,3,4,GH86-Gal4/+;pJFRC7/+;VT34811/+,01-May-2014 21:03:19,/Users/tony/Code/ParametersDB/140219/140219_F3_C4
0.8,5,0.1/0.2/0.4/0.8/1.6,1.2,800,25/35.35533906/50/70.71067812/100/141.4213562/200/282.8427125/400/565.6854249/800,5,IClamp,0.5,0.4,PiezoSine,0.04,50000,50000,5,0.3,0,164,6,NaN,PiezoSine_Raw_140219_F3_C4_164.mat,140219,140219_F3_C4,3,4,GH86-Gal4/+;pJFRC7/+;VT34811/+,01-May-2014 21:03:19,/Users/tony/Code/ParametersDB/140219/140219_F3_C4
1.6,5,0.1/0.2/0.4/0.8/1.6,1.2,800,25/35.35533906/50/70.71067812/100/141.4213562/200/282.8427125/400/565.6854249/800,5,IClamp,0.5,0.4,PiezoSine,0.04,50000,50000,5,0.3,0,165,6,NaN,PiezoSine_Raw_140219_F3_C4_165.mat,140219,140219_F3_C4,3,4,GH86-Gal4/+;pJFRC7/+;VT34811/+,01-May-2014 21:03:19,/Users/tony/Code/ParametersDB/140219/140219_F3_C4
0.1,5,0.1/0.2/0.4/0.8/1.6,1.2,25,25/35.35533906/50/70.71067812/100/141.4213562/200/282.8427125/400/565.6854249/800,5,IClamp,0.5,0.4,PiezoSine,0.04,50000,50000,5,0.3,0,166,11,TTX,PiezoSine_Raw_140219_F3_C4_166.mat,140219,140219_F3_C4,3,4,GH86-Gal4/+;pJFRC7/+;VT34811/+,01-May-2014 21:03:19,/Users/tony/Code/ParametersDB/140219/140219_F3_C4
0.2,5,0.1/0.2/0.4/0.8/1.6,1.2,25,25/35.35533906/50/70.71067812/100/141.4213562/200/282.8427125/400/565.6854249/800,5,IClamp,0.5,0.4,PiezoSine,0.04,50000,50000,5,0.3,0,167,11,TTX,PiezoSine_Raw_140219_F3_C4_167.mat,140219,140219_F3_C4,3,4,GH86-Gal4/+;pJFRC7/+;VT34811/+,01-May-2014 21:03:19,/Users/tony/Code/ParametersDB/140219/140219_F3_C4
0.4,5,0.1/0.2/0.4/0.8/1.6,1.2,25,25/35.35533906/50/70.71067812/100/141.4213562/200/282.8427125/400/565.6854249/800,5,IClamp,0.5,0.4,PiezoSine,0.04,50000,50000,5,0.3,0,168,11,TTX,PiezoSine_Raw_140219_F3_C4_168.mat,140219,140219_F3_C4,3,4,GH86-Gal4/+;pJFRC7/+;VT34811/+,01-May-2014 21:03:19,/Users/tony/Code/ParametersDB/140219/140219_F3_C4
0.8,5,0.1/0.2/0.4/0.8/1.6,1.2,25,25/35.35533906/50/70.71067812/100/141.4213562/200/282.8427125/400/565.6854249/800,5,IClamp,0.5,0.4,PiezoSine,0.04,50000,50000,5,0.3,0,169,11,TTX,PiezoSine_Raw_140219_F3_C4_169.mat,140219,140219_F3_C4,3,4,GH86-Gal4/+;pJFRC7/+;VT34811/+,01-May-2014 21:03:19,/Users/tony/Code/ParametersDB/140219/140219_F3_C4
1.6,5,0.1/0.2/0.4/0.8/1.6,1.2,25,25/35.35533906/50/70.71067812/100/141.4213562/200/282.8427125/400/565.6854249/800,5,IClamp,0.5,0.4,PiezoSine,0.04,50000,50000,5,0.3,0,170,11,TTX,PiezoSine_Raw_140219_F3_C4_170.mat,140219,140219_F3_C4,3,4,GH86-Gal4/+;pJFRC7/+;VT34811/+,01-May-2014 21:03:19,/Users/tony/Code/ParametersDB/140219/140219_F3_C4
0.1,5,0.1/0.2/0.4/0.8/1.6,1.2,35.3553,25/35.35533906/50/70.71067812/100/141.4213562/200/282.8427125/400/565.6854249/800,5,IClamp,0.5,0.4,PiezoSine,0.04,50000,50000,5,0.3,0,171,11,TTX,PiezoSine_Raw_140219_F3_C4_171.mat,140219,140219_F3_C4,3,4,GH86-Gal4/+;pJFRC7/+;VT34811/+,01-May-2014 21:03:19,/Users/tony/Code/ParametersDB/140219/140219_F3_C4
0.2,5,0.1/0.2/0.4/0.8/1.6,1.2,35.3553,25/35.35533906/50/70.71067812/100/141.4213562/200/282.8427125/400/565.6854249/800,5,IClamp,0.5,0.4,PiezoSine,0.04,50000,50000,5,0.3,0,172,11,TTX,PiezoSine_Raw_140219_F3_C4_172.mat,140219,140219_F3_C4,3,4,GH86-Gal4/+;pJFRC7/+;VT34811/+,01-May-2014 21:03:19,/Users/tony/Code/ParametersDB/140219/140219_F3_C4
0.4,5,0.1/0.2/0.4/0.8/1.6,1.2,35.3553,25/35.35533906/50/70.71067812/100/141.4213562/200/282.8427125/400/565.6854249/800,5,IClamp,0.5,0.4,PiezoSine,0.04,50000,50000,5,0.3,0,173,11,TTX,PiezoSine_Raw_140219_F3_C4_173.mat,140219,140219_F3_C4,3,4,GH86-Gal4/+;pJFRC7/+;VT34811/+,01-May-2014 21:03:19,/Users/tony/Code/ParametersDB/140219/140219_F3_C4
0.8,5,0.1/0.2/0.4/0.8/1.6,1.2,35.3553,25/35.35533906/50/70.71067812/100/141.4213562/200/282.8427125/400/565.6854249/800,5,IClamp,0.5,0.4,PiezoSine,0.04,50000,50000,5,0.3,0,174,11,TTX,PiezoSine_Raw_140219_F3_C4_174.mat,140219,140219_F3_C4,3,4,GH86-Gal4/+;pJFRC7/+;VT34811/+,01-May-2014 21:03:19,/Users/tony/Code/ParametersDB/140219/140219_F3_C4
1.6,5,0.1/0.2/0.4/0.8/1.6,1.2,35.3553,25/35.35533906/50/70.71067812/100/141.4213562/200/282.8427125/400/565.6854249/800,5,IClamp,0.5,0.4,PiezoSine,0.04,50000,50000,5,0.3,0,175,11,TTX,PiezoSine_Raw_140219_F3_C4_175.mat,140219,140219_F3_C4,3,4,GH86-Gal4/+;pJFRC7/+;VT34811/+,01-May-2014 21:03:19,/Users/tony/Code/ParametersDB/140219/140219_F3_C4
0.1,5,0.1/0.2/0.4/0.8/1.6,1.2,50,25/35.35533906/50/70.71067812/100/141.4213562/200/282.8427125/400/565.6854249/800,5,IClamp,0.5,0.4,PiezoSine,0.04,50000,50000,5,0.3,0,176,11,TTX,PiezoSine_Raw_140219_F3_C4_176.mat,140219,140219_F3_C4,3,4,GH86-Gal4/+;pJFRC7/+;VT34811/+,01-May-2014 21:03:19,/Users/tony/Code/ParametersDB/140219/140219_F3_C4
0.2,5,0.1/0.2/0.4/0.8/1.6,1.2,50,25/35.35533906/50/70.71067812/100/141.4213562/200/282.8427125/400/565.6854249/800,5,IClamp,0.5,0.4,PiezoSine,0.04,50000,50000,5,0.3,0,177,11,TTX,PiezoSine_Raw_140219_F3_C4_177.mat,140219,140219_F3_C4,3,4,GH86-Gal4/+;pJFRC7/+;VT34811/+,01-May-2014 21:03:19,/Users/tony/Code/ParametersDB/140219/140219_F3_C4
0.4,5,0.1/0.2/0.4/0.8/1.6,1.2,50,25/35.35533906/50/70.71067812/100/141.4213562/200/282.8427125/400/565.6854249/800,5,IClamp,0.5,0.4,PiezoSine,0.04,50000,50000,5,0.3,0,178,11,TTX,PiezoSine_Raw_140219_F3_C4_178.mat,140219,140219_F3_C4,3,4,GH86-Gal4/+;pJFRC7/+;VT34811/+,01-May-2014 21:03:19,/Users/tony/Code/ParametersDB/140219/140219_F3_C4
0.8,5,0.1/0.2/0.4/0.8/1.6,1.2,50,25/35.35533906/50/70.71067812/100/141.4213562/200/282.8427125/400/565.6854249/800,5,IClamp,0.5,0.4,PiezoSine,0.04,50000,50000,5,0.3,0,179,11,TTX,PiezoSine_Raw_140219_F3_C4_179.mat,140219,140219_F3_C4,3,4,GH86-Gal4/+;pJFRC7/+;VT34811/+,01-May-2014 21:03:19,/Users/tony/Code/ParametersDB/140219/140219_F3_C4
